Rank,Intervention,ATE,CI_low,CI_high,SD_treatment,Std_effect,Reversal,Pct_benefit
1,Physical activity (min/wk),-0.0010669465315792399,-0.0036012778860381434,0.0014673848228796628,1365.6565322369881,-1.4570825003987868,1.4570825003987868,82.19895287958116
2,Diet quality,0.11802341893239256,-1.2527504341792977,1.4887972720440825,1.7542809564103858,0.20704623624354127,-0.20704623624354127,46.994535519125684
3,Sleep duration (h),0.5385991096493955,-1.2528890063272216,2.330087225626012,1.5712041012507152,0.8462491300111139,-0.8462491300111139,28.272251308900525
