Rank,Intervention,ATE,CI_low,CI_high,SD_treatment,Std_effect,Reversal,Pct_benefit
1,Sleep duration (h),-0.03427964040794672,-0.11410370063094154,0.04554441981504809,1.5951108733329016,-0.05467982714865771,0.05467982714865771,97.43589743589743
2,Diet quality,0.031960589498501106,-0.05327273951791638,0.11719391851491859,1.7142648818832582,0.0547889161815673,-0.0547889161815673,39.869281045751634
3,Physical activity (min/wk),4.672996056109678e-05,-6.205535716278768e-05,0.00015551527828498122,1436.8397420311283,0.06714346447773109,-0.06714346447773109,1.282051282051282
